0, bObObObObObObObObOaZaZaZaZaZsTnDnDnDnDaZaZaZaZaZdZzAzAzAzAzAzAzAzAzAzAzArZrZrZrZrZrZrZrZrZrZrZrZrZrZrZrZrZrZoAoAoAoAoAoAoAoAoAoAoAoAoAoAoAoAoAoAaAaAaAaAaAaAaAaAaAaAaAaAaAaAaAaAlA
1, rZzZjWoLoLoLoLoLoLoLoLoLoLoLoLoLoLoLoLoLoLoLaIaIaIaIaIaIaIaIaIaIaIaIaIaIaIqAqAqAqAqAqAqAqAzAzAzAzAzAzAzAzAzSzSzSzSzSzSzSzSzSzSzSzSzSzSzSrZrZrZrZrZrZrZrZrZrZrZrZmZmZmZmZmZmZmZmZmZmZmZmZmZmZmZmZmZmZmZmZmZdA
2, hKhKhKnZnZzLzLzLqAqAqAqAqAfIaVaVaVaVaVaVaVaVaVaVaVaVaVaVaVaVaVaAaAaAaAaAaAaAaAaAaAaAaAoAoAoAoAoAoAoAoAoAoAoAoAoAoAoAoAoAsXsXsXsXsXsXsXsXsXsXsXsXsXsXsXsXsXsXsXsXsXsXsXsXsXsXsXsXsXsXsXsXsXqN
3, aIaGpIpIpIpIpIpIpIgAgAgAgAgAgAgAgAgAhKiKiKiKiKiKiKiKiKiKaPaPaPaPaPaPaPaPaPrQkAkAkAkAkAkAkAkAkAkAkAkAkAkOkOkOkOkOkOkOkOkOkOkOkOkOkOkOkOkOkOkOkOkOkOiZ
4, gBgBtUtUtUtUtUtUtUzZzZzZzZzZaJaJfXfXfXfXfXfXfXfXfXfXfXfXfXfXfXfXdXlAlAlAlAlAlAlAlAlAlAlAlAhZhZhZhZhZhZhZhZhZhZhZhZhZhZhZyJyJyJyJyJyJyJyJyJyJyJyJyJyJyJyJyJyJaTaTaTaTaTaTaTaTaTaTaTaTaTaTaTaTaTaTaTaTaTaTaTaTaTqZ
5, aZdGdGrFzZzZzZzZzZzZzZzZzZzZzZzZaZaZaZaZaZaZaZaZaZeZyGyGyGyGyGyGyGyGyGyGyGyGyGyGyGzAzZzZzZzZzZzZzZzZzZzZzZzZzZzZzZkZkZkZkZkZkZkZkZkZkZkZkZkZkZkZkZkZkZkZkZkZkZkZkZkZkZkZkZkZkZkZbA
6, yZjZtZtZtZeUaJaJaJaJaJzNzNzNzNzNzNzNzNhAhAhAhAhAhAhAhAaZaZaZaZaZaZaZaZaZaZaZaZaZaZaAaAaAaAaAaAaAaAaAaAaAaAaAaAaAaAaAaAaAaAaAaAaAaAaAaAaAaAgF
7, rZrZrZrZrZiCiCiCiCiCiCiCzNzNzNzNzNzNzNyVyVyVyVyVyVyVyVyVaHaHaHaHaHaHaHaHaHaHaHaHaHaHmAmAmAmAmAmAmAmAmAmAmAmAmAdQdQdQdQdQdQdQdQdQdQzMzMzMzMzMzMzMzMzMzMzMzMzMrArArArArArArArArArArArAgBgBgBgBgBgBgBgBgBgBgBgBgBgBgBgBgBgBgBgBgBgBaP
8, aDaDaDaDaDaVaTaTaTaTaRaReVeVeVeVeVeVeVeVeVeVeVeVeVeVeVeVeXeXeXeXeXeXeXeXeXeXeXeXeXeXeXeXeXeXeXeXeXaZaZaZaZaZaZaZaZaZaZaZaZaZkVkVkVkVaAaAaAaAaAaAaAeAeAeAeAeAeAeAeAeAeAnPnPnPnPnPnPnPnPnPnPnPnPnPnPnPnPnPnPnPiQiQiQiQiQiQiQiQiQiQiQiQiQiQiQiQiQiQiQiQiQiQiQiQiQiQiQiQiQiQiQiQiQiQbM
9, aAlVlVlVlVlVlVlVlVlVlVlVkAkAkAkAkAkAkAaZaZaZaZeZsUsUsUoMoMoMoMoMoMoMrErErErErErErErErErErErErErEvLvLvLvLvLvLvLvLvLvLvLvLvLvLvLvLvLvLvLvLvLzAzAzAzAzAzAzAzAzAzAzAzAzAzAzAzAzAzAzAzAzAzAzAzAzAaA
10, sUaEaEaEaEaExPxPxPxPxPxPxPxPxPxPkZaZsJzAzAzAoAoAoAoAoAoAoAoAoAoAoAoAoAoAoAoAoAoAoAoAoAoZoZoZoZoZoZoZoZoZoZoZoZaZ
11, aAaAaAaAaAaAaAaAaAaAaAaAaAaAaAaAvZvZvZvZvZvZvZvZkOkOkOfAfAfAfAfAfAfAfAfAfAfAfAfAfAfAfAzZzZzZzZzZzZzZzZaFaFaFaFaFaFaFaFaFaFaFaFaFaFaFaFaFvAvAvAvAvAvAvAvAzAzAzAzAzAzAzAzAzAzAzAzAzAzAzAhVhVhVhVhVhVhVhVhVhVhVhVhVhVhVhVhVhVhVhVhVhVhVhVhVhVgZ
12, sZzUzUzUzUzUzUzZgZgZgZgZgZgZgZgZgZgZgZaDdIzAzAzAzAzAzTrOrOrOrOrOrOrOrOrOrOrOrOrOrOrOlElElElElElElElElElElElElElElElElElElElElElElElElElElElElElEuO
13, gZgZgZgZgZgZgZgZgZgZaZaZaZaZaZaZaZaZaZdWdWdWdWdWdWbZbZbZbZbZbZbZaHaHaHaHaHaHaHaHaHmUmUmUmUmUmUmUmUmUmUmUmUmUmUmUmUmUmUmUmUmUrYrYrYrYrYrYrYrYrYrYjIjIjIjIjIjIjIaAaAaAaAaAaAaAaKaKaKaKaKaKaKaKaKaKaKaKaKaKaKaKaKaKaKaKaKaKaKaKaKaKaA
14, fZaZzAzZvYmZrJrJrJrJrJrJrJrJlBlBlBlBlBlBlBlBlBlBlBlBlBlBlBlBlBlBzRzRzRcZcZcZcZcZcZcZcZcZcZcZcZcZcZcZcZaAaAaAaAaAaAaAaAaAaAaAaAaAaAaAaAaAaAaAaAaAaAaAaAaAaAaAaAaAaAaAaAaAaHaHaHaHaHaHaHaHaHaHaHaHaHaHaHaHaHaHaHaHaHaHaHaHaHaHaHaHaHaHaHaHaHaHaG
15, cZcZaGtWtWtWtWtWtWtWtWtWtWtWtWzZzZaQaQaQaQzAzAvAvAvAvAoZzZzZzZzZzZzZaQaQaQaQaQaZaZaZaZaZaZaZaZaZaZaZaZaZaZaZaZaZaZaZaZaZaZaZaZaZaZaZaZaZrZ
16, bHbHbHbHbHbHbHbHbHdZdZdZdZdZdZdZdZdZdZdZdZdZzAvZvZvZvZaUaUaUaUaUaUaUaUpZpPpPpPpPpPzYzYzYzYzYzYzYzYzYzYzYzYzYzYzYeTeTeTeTeTeTeTeTeTeTeTeTeTeTeTeTeTeTeTeTeTeTeTeTeTeTeTeTeTeThZ
17, aAaZtZtZtZtZtZaTaTaZzSaKaKaKaKaKaKaKaKaKaKaKaKaKaKaKaKaKaKaKaHaHaHaHaHaHaHaHaHaHaHaHaHaHaHaHaHaHaHaHaHaHaHaA
18, aTaTtZrZrMaNkTkTkTkTkTkTkTkTkTkTkTkTkTzZzZzZzZzZzZzZzZzZzZzZzGzGzGzGzGzGzGzGzGzGzGzGzGzGzGzGzGrArArArArArArArArArArArAeAeAeAeAeAeAeAeAeAeAeAeAeAeAeAeAeAeAeAeAeAeAqA
19, oRoRoRoRqFqFqFwVwVwVwVwVwVwVwVwVwVaZaZaZaZaZaZaZaZfZjEjEjEjEjEjEjEjEjEjEjEjEjEjEjEjEjEjEjEjEjEjEaZaZaZaZaZaZaZaZaZaZaZaZaZaZaZgA
20, jFaZaZaZaZaZaZaZaZaZaZaZaUaUaUaUaUaAaAaAaAaAaAaAaAaZgAiAmAmAmAmAmAmAmAmAmAmAmAmAmAmAjQjQjQjQjQjQjQjQjQjQjQjQjQqZqZqZqZqZqZqZqZaMaMaMaMaMaMaMaMaMaMaMaMaMaMaMaMaMaMaMaMaMaMaMaMlY
21, cYvAvAvAvAvAvAvAvAvAvAvAvAvAvAvAvAzDkNkNkNkNkNkNkNkNlAlAlAlAlAlAlAlAlAzLzLzLzLzLzLzLzLzLzLyAyAyAyAyAyAyAyAyAyAyAyAyAyAyAyAyArFrFrFrFrFrFrFrFrFlLlLlLlLlLlLlLlLlLlLlLlLlLlLlLlLlLlLlLlLlLlLlLlLlLlLlLlLnA
22, dZdZdZzZzZzZzZzZzZzZzZzZnFnFnFnFnFnFnFnFgEiZiZzZzZzZzZzZzZzZzZzZzZzZzZzZzZyAyAyAyAyAyAyAkZkZkZkZkZkZkZkZkZkZkZkZkZkZkZkZkZkZkZkZkZaIaIaIaIaIaIaIaIaIaIaIaIaIaIaIaIaIaIaIaIaIaIaIaIaIaIaIaIaIaIaIaIaIaIaIaIaItK
23, aZaZaZaZaZaZaZaZaZaZaZaZaZaZaZaZaZaZaZaZzZzZzZzZzZzZcZcZcZcZcZcZcZcZcZcZaVaVaVaVaVaVaVaVaVaVaVaVaElBvZvZvZvZvZvZvZaZaZaZaZaZaZaZaZaZaZaZaZaZzZzZzZzZzZzZzZzZzZzZzZzZzOzOzOzOzOzOzOzOzOzOzOzOzOzOzOzOzOzOzOzOzOaZaZaZaZaZaZaZaZaZaZaZaZaZaZaZaZaZaZaZaZaZaZaZ
24, tZtZtZtZtZtZtZtZtZtZtZtZtZtZtZtZtZaZqNaFaAeAeAeAeAeAeAeAbAbAbAbAbAbAhVhVhVhVhVhVhVhVhVhVhVhVhVhVhVhVhVgLgLgLgLgLgLgLgLgLgLgLgAgAgAgAgAgAgAgAgAgAgAgAgAgAgAgAgAgAbQbQbQbQbQbQbQbQbQbQbQbQbQbQbQbQbQbQbQbQbQbQbQbQbQbQbQbQbQnG
25, gTjNxWxWxWxWaGaGaGaGaGaGaGaGdZdZdZdZdZdZaOaOaOaOaUaUaUaUaUaUaUaUaUaUaUaUaUhZhZhZwEwEwEwEwEwEwEwEwEgAgAgAgAaZaZaZaZaZaZaZaZaZaZaZaZaZaZaZaZaZaZaZaZaZaZaZjWjWjWjWjWjWjWjWjWjWjWjWjWjWjWjWjWjWjWjWjWjWjWjWjWjWjWjWjWaZ
26, aAaAaAaAaAaAaAaAaAaAaAaAaAdMzQzQzQzQzQzQhIhIhIhIhIhIhIhIhIhIhIaZaZaZaZaZaZaZaZcYcYcYcYcYcYcYcYcYcYcYcYmDmDmDmDmDmDmDmDmDmDmDmDmDtLtLtLtLtLtLtLtLtLtLyAyAyAyAyAyAyAyAyAyAyAyAyAaUaUaUaUaUaUaUaUaUaUaUaUaUaUaUaUaUaUaUaUaUaUaUaUaUaUaUaUaUaUaUaUeO
27, aJaJaJaJaIaIaIaIaIaIaIwUwUwUwUwUwUaZaZaZaZaZaZaZaZaZaZdZvZvZoAoAoAoAoAoAoAoAoAoAoAoAoAoAoAaCaCaCaCaCaCaCaCaCaCaCaCaCaCaCaCaCgA
28, aQaQaQaQaQaQaQaQaQiSaZaZaZaZaZaZaZaZaZaZgQgQgQgQgQgQfWfWfWfWfWfWfWfWfWfWfWfWfWfWfWfWfWfWsHsHsHsHlCjAjAmZmZmZmZmZmZmZmZmZmZmZmZmZmZmZmZmZmZmZmZmZmZmZmZmZmZmZmZmZ
29, aOaOaOaOaOaOaOaOaOaOaOaOaOaOsNsNsNsNsNsNsNsNsNsNsNsNsNzUzUzUzUzUzUzUzUzUzUzUzUzUzUaTaTaTaTaTaTaTaTgAgAgAgAgAgAgAgAgAdOdOdOdOdOdOdOdOzRzRzRzRzRzRzRzRzRzRzRzRpPpPpPpPpPpPpPpPpPpPpPpPpPpPpPpPpPpPpPpPpPpPpPpPpPpPpPpPpPpPpPpPlUlUlUlUlUlUlUlUlUlUlUlUlUlUlUlUlUlUlUlUlUlUlUlUaQ
30, kNkNkNkNzAuWuWuWuWuWuWuWmUmUmUmUmUmUmUmUmUmUkPkPkPfBfBfBfBfBfBfBnPnPiAiAiAiAaO
31, aZaZaZaZgZzMzMfZfZpZzAzAzAzAzAzAzAzAzAzAzAzAzAzAmNmNmNmNmNmNmNmNmNmNmNmNmNmNmNmNmNlAlAlAlAlAlAlAlAlAlAlAlAlAlAmYmYmYmYmYmYmYmYmYmYmYmYmYmYmYmYmYmYmYmYmYmYmYmYmYmYmYmYjI
32, vAvAvAvAvAvAzZpRlZlZlZlZzXzXzXzXzXzXzXzXzXzXzXzXzXaAaAaAaAaAwLwLwLwLwLwLwLzZzZzZzZzZzZzZzZzZzZzZzZzZzZzZzZzZoWoWoWoWoWoWoWoWoWoWoWoWoWoWoWoWoWzTzTzTzTzTzTzTzTzTzTzTzTzTzTzTzTzTzTzTzTzTzTzTzTzN
33, dXdXdXbObObObObObObOaEaEaEaEaEaEaEaEnWqGqGqGqGqGqGqGqGqGqGqGqGqGqGqGqGqGqGqGaCaCaCaCaCaCaCaCaCaCaCaCaCaCaCaCaCaCaCzPzPzPzPzPzPzPzPzPzPzPzPqAlIaAaAaAaAaAaAaAaAaAaAaAaAaAaAaAaAaAaAaAaAaAaAaAaAaAaAaWaWaWaWaWaWaWaWaWaWaWaWaWaWaWaWaWaWaWaWaWaWaWcZ
34, aVaVaVaVaVaVaVaVaVaVaVhAhAhAhAhAhAhAhAhAhAhAvZvZvZvZvZvZaAeMrArArArArAaZaZaZaZaZaZaZaZaZzAbFbFbFbFbFbFbFbFbFbFbFbFbFbFnVnVnVnVnVnVnVnVnVnVnVnVnVnVnVnVnVnVnVnVnVnVnVnVnVnVoZ
35, mOmOmOmOmOlMlMlMlMlMiBiBlZlZlZlZlZwDwDwDwDwDwDwDwDwDwDwDwDwDwDmDmDmDmDzZzZzZzZzZzZzZzZzZzZzZoZoZoZoZoZoZoZoZoZoZoZoZoZwAwAwAwAwAwAwAwAwAwAwAwAwAwAwAwAwAwAwAwAwAwAwAaZ
36, cDcDuZuZuZuZvAzZaHcDcDcDcDcDcDcDcDzAzAzAzAzAzAzAzAzAzAtRtRtRtRtRtRtRtRtRtRtRtRtRtRtRtRtRtRtRtRtRtRtRtRtRtRtRtRtRcZ
37, eGeGeGeGaZrTrTrTrTrTrTrTrTrTrTaCcZcZcZcZcZcZcZcZcZcZnDnDnDnDnDnDnDnDnDnDnDzIzIzIzIzIzIzIzIzIzIzIzIzIzNzNzNzNzNzNzNzNzNzNzNzNzNzNzNzNzNzNzNzNzNzNzNfXfXfXfXfXfXfXfXfXfXfXfXfXfXfXfXfXfXfXfXfXfXfXfXfXfXfXfXfXfXfXsH
38, tLdIdIfZpKpKpKpKpKpKpKpKhZhZhZiEiEiEaAaAaAaAaAaAaAaAaAaAaAaAzZzZzZzZzZzZzZzZzZzZzZzZzZzZzZaTaTaTaTaTaTaTaTaTaTaTaTaTaTaTaTaTaTaTaTaTaTaTaQaQaQaQaQaQaQaQaQaQaQaQaQaQaQaQaQfW
39, yAyAyAyAyAbFnPnPnPnPnPnPnPnPnPwAwAwAwAaLeTeTeTcAcAcAcAcAcArLzMzMzMzMsKsKsKsKsKsKsKsKsKsKsKsKsKsKaCaCaCaCaCaCaCaCaCaCaCaCaCaCaCaCaCaCaCaCaCaCaCaCaCaCaCgZ
40, vZiZyZaUaUaUaZaZaZaZaZaZaZaZaZaZaZdAhGwZwZwZwZwZwZwZwZwZwZwZwZwZwZwZwZwZwZwZgIgIgIgIgIgIgIgIgIgIgIgIaXaXaXaXaXaXaXaXaXaXaXaXaXaXaXaXaXaXaXaXaXaXaXaXaXaXaXaXaXaXaA
41, zZzZzZgAyWzNzNzNzNaDaDaDaDaDaDaDuAfTfTfTfTfTfTfTfTfTfTfToAoAoAoAoAoAoAoAoAoAoArHrHrHrHrHrHrHrHrHrHrHrHrHrHrHrHrHrHrHrHrHrHrHrHlZlZlZlZlZlZlZlZlZlZlZlZlZlZlZlZlZlZlZlZlZlZlZlZlZlZlZlZlZlZlZlZlZlZaP
42, aKaYeVeVeVeVeVeVeVeVeVeVeVeVeVeVeVeVyXqTqTqTqTqTqTqTqTaUaUaUaUaUaUaUaUaUlElElElElElElElElEmFmFmFmFmFmFmFmFmFmFmFmFmFmFmFmFmFmFmFmFmFmFmFmFmFmFmFeQ
43, yZzZdApApApAdOdOdOdOaZaZaZaZaZaZaZaZaZaZaZaZaZzFzFzFzFzFzFzFzFzFzZzZzZzZzZzZzZzZzZzZzZzZzZzZzZzZzZzZzZzZaAaAaAaAaAaAaAaAaAaAaAaAaAaAaAaAaAaAaAaAaAaAaAaAaAaApIpIpIpIpIpIpIpIpIpIpIpIpIpIpIpIpIpIpIpIpIpIpIpIpIpIpIpIpIpIgQ
44, eXgJgJgJgJgJgJgJgJgJgJzZzZzZzZzZzZzZzZzZzZzZzZzZzZzZzZzZzZzZzZzZzZzWgVgVgVgVaZaZaZaZaZaZaZaZaZzZzZzZzZzZzZzZzZzZzZaMaMaMaMzVzVzVzVzVzVaZaZaZaZaZaZaZaZaZaZaZaZaZaZaZaZaZaZaZaZaZaZaZaZaZaZaZaZaZaZaZaZaZaZaZaZaZaZaZaZaZaZaZaZaZaZaZaZaZaZaZaZaZaZaZaZaZaZaZaZaZaZaZaZaZaZaZaZaZaZaZaZaZjJ
45, aAfAfAfAfAfAfAfAaAaAaAaAaAtZtZtZtZtZtZvGvGvGvGvGvGvGzAzAzAzAzAzAzAzAzAzAzAzAzAzAzAzAzAaFaFaFaFqEqEqEqEqEqEjHjHjHjAjAjAjAjAjAjAjAoAoAoAoAoAoAoAoAoAoAoAoAoAoAoAoAaZaZaZaZaZaZaZaZaZaZaZaZaZaZaZaZaZaZaZaZaZaZaZaZaZaZaZfI
46, lZaYiZiZiZiZiZzZzZzZzZzZzZoSoSoSoSoSoSoSoSoSoSoSoSrArArArAuAzTzTzTzTzTzTzTzTzTzTzTzTzTzTzTzTzTzTzTzTzTzTmTmTmTmTmTmTmTmTmTmTmTmTmTmTmTmTmTmTmTmTmTmTmTmTuN
47, aAaPaPaPaPaPaPaPaPaPaPaPaPwLhZaFaFaFaFaFaFaFaFaZaZaZzWzWzWzWzWqPqPqPqPqPqPqPqPqPqPqPqPzWzWzWzWzWzWzWeAeAeAeAeAeAeAeAeAeAeAeAeAeAeAeAeAeAeAeAeAeAeAeAeAeAeAeAeAeAeAeAeAeAeAeAeAeZ
48, uZuZuZuZuZuZuZuZuZuZuZcXcXcXcXcXcXcXcXcXdZaAaRaRaRjKjKjKjKjKjKjKjKjKiAiAiAiAiAiAiAiAiAiAiAiAiAiAiAiAzAzAzAzAzAzAzAzAzAzAzAzAzAzAzAzAzDzDzDzDzDzDzDzDzDzDzDzDzDzDzDzDzDzDaNaNaNaNaNaNaNaNaNaNaNaNaNaNaNaNaNaNaNaNaNaNaNaNaNjA
49, aSyZyZyZtZaGaGaGaGaGaGaGaGhAhAhAhAhAhAhAhAhAnAnAnAnAnAnAzAzAyZyZyZyZyZyZyZyZyZyZyZyZyZyZyZyZyZyZyZsHsHsHsHsHsHsHsHsHsHsHsHsHsHsHsHsHsHsHsHsHsHsHsHsHsHsHsHsHsHsHsHsHsHsHsHsHcS
50, dZaKaAaAaAaAaAaAaAjZjZjZjZjZjZjZjZzTzTzTeAeAeAeAeAdCdCqNqNqNqNqNqNjEjEjEjEjEjEjEjEjEjEjEjEjEjEjEjEjEjEjErZrZrZrZrZrZrZrZrZrZrZbLbLbLbLbLbLbLbLbLzA
51, eZeZeZeZeZlAlAlApAwJwJwJwJwJzAzAzAzAzAzAzZzZzZzZzNzNmUmUpEpEpEpEpEpEpEpEpEuAuAuAuAuAuAuAuAuAuAuAuAuAuAuAuAuAuAuAuAuAuAuAuAuAuAzAzAzAzAzAzAaAaAaAaAzZzZzZzZzZzZzZzZzZzZzZzZzZzZzZzZpC
52, tXtXtXtXtXtXkDzUzUzUzUzUzUzUvSvSvSvSvSvSvSvSvSvSzAzAzAzUzUzUzUaRaRaRaRaRaRwAzZ
53, sPsPmFhAjYoZoZoZoZoZoZoZoZoZoZoZoZoZrGrGrGrGrGzZzZzZzZzZzZzZzZzZzZzZzZzZwLuAuAuAuAuAuAuAuAuAuAuAiKiKiKiKiKiKiKzAzAzAzAzAzAzAzAzAzAzAzAzAzAzAzApV
54, aZcZcZcZaMzZzAtBtBtBtBtBzZvZgJgJgJgJgJgJgJgJqAqAqAqAqAqAqAqAqAqAqAqAqAqAqAdBdBdBdBdBdBdBdBdBdBrZ
55, hZhZhZhZhZhZhZhZhZhZhZhZhZhZhZhZhZhZcAaHrWrWrWrWrWrWrWrWrWrWrWrWrWrWzZzZzZzZzZzZzCzCzCzCzCzCzCzCzCzCzCzCzCnInInInInInInInInInInInIiYiYiYiYdAdAdAzZzZzZzZzZzZzZzZzZzZzZzZzZzG
56, qJqJjTjAjAjAzAzAzAzAzAzAzGzGzGzGzGzGzGzGzGzGzGdEaAaAaAaAaAaAaAaAaAaAaAaAaAaArZaZaZaZaZaZaZaZzSzSzSzSzSzSzSzSzSzSzZ
57, xPlAgGzEaJaJaJaJdIyNyNyNyNyNyNyNyNyNyNyNpZzV
58, gWiAiAiAzRzRzRzRzRzRzRzZzZzZzZzZzZzZzZzZzZzZzZzZzZzRzRzRzRzRzRzRzRzRzRzRzRzRzRzRcRcRcRcRcRcRcRcRcRcRcRzHzHzHzHzHkAkAkAkAkAkAkAzZ
59, rWrWrWrWrWrWrWrWrWaAnPnPnPnPnPnPnPnPtZtZtZtZzUzUzUzUzUzUzUzUzUzUzUaOaOaOaOaOaOaOaOaOaOaOaOaOaOaOaOaOaOrBrBrBrBrBrBrBzMzMzMzMzMzMzMzMzMzMzAzAzAzAzAzAzAzAzAiHiHiHiHiHiHiHiHsVsVsVsVsVsVsVsVsVsVsVsVsVsVsVsVsVsVzZ
60, pApApApApApApApApApApApApApApAoAoAoAoAoAoAoAoAoAoAoAoAoAoAoAaTaTaTaTaTiAiAiAiAiAiAiAiAiAiAmLmAmAmAmAmAmAaWaWaWaWaWaWqXqXqXqXqXqXqXqXqXqXqXqXzEzEzEzEzEzEzEzEcWcWcWcWcWcWcWcWcWcWcWcWcWlOlOlOlOlOxZ
61, jZlBzAaZaZaZaZaZaZaZaZaAaAaAaAaAaAaAaAaAaApLlYlYlYlYlYlYlYlYlYsAaSaSaSaSaSaSaSaSaSaSaSaSaSkBkBkBkBkBkBkBkBkBkBkBkBkByZyZyZyZyZyZyZyZyZyZyZyZyZyZyZyZqE
62, zYaAaAaAaAaAaAaAaAaAaAaArZdCdCdCdCdCdCdCdCfAfAfAzCzCzCzCzCzCzCzCzCzChIhJzAzAzAzAzAzAzAzAzAzAzAzAzAzAzAzAzAzAzAdAdAdAdAdAzZzZzZzZzZzZzZzZzZzD
63, xUuZuZuZdZdZdZdZdZdZdZdZdZdZdZdZdZdZdZdZdZmKmKmKmKmKmKmKmKmKmKmKvZvZvZvZvZvZvZvZvZvZvZaAaAaAaAaAaAaAaAaAaAaAaAaAaAaAaAaAbAbAbAjRjRjRjRjRjRrUrUyZyZyZkZ
64, dYdYdYdYdYdYdYdYdYaAbTaJaXzZzZzZzZzZzZzZzZaPaPaPaPaPaPaPaPaPaPaPaPaPaPaPaPeNeNeNeNeNeNeNeNeNeNeNbCbCbCbCbCbCbCzAzAzAzAzAzAzAzAzAzAzAzAzAzAzAzAzAzAzQzQzQzQzQzQzQzQzQzQzQnG
65, qAqAzHeAeAeAeAeAeAeAeAeAeAeAeAeAeAeAeAeAeAbZbZbZbZbZbZcBcBcBcBcBcBcBcBcBcBcBxWxWxWxWxWxWeWoOoOoOoOoOoOoOoOoOoOoOoOoOoOoOoOoOoOoOnIjZjZjZlZlZlZlZlZlZlZlZlZlZmZ
66, uZoAoAoAoAoAcUcUcUcUcUcUcUuZuZzHdAdAdAdAdAdAdAdAdAdAdAoZoZoZoZsFzTzTzTzTzTzTzTzTzTeZ
67, zJfLgAgAgAgAgAzAzAzAzAzAzAzAzAsZaYaBaBaBaBaBaBaBaBaBaBaBaBaBqRqRqRqRqRqRiBiBiBiBiBiBiBiBiBgEgEgEgEgEgEgEiV
68, hAhAhAhAhAhAzUzUzUzZzZzZzZzZzZzZzZzZhLkGkGaOaOaOaOaOaOaOaOzAzAzAzAzAzAzAzAzAzAzAzAzAzAzAjHjHjHjHjHjHjHjHjHjHjHjHjHjHjHjHjHjHjHjHjHdZ
69, zUaNsAsAsAsAsAsAsAsAoZgFgFzPzPvOrArArArArArArArArArArApWpWpWpWzUzW
70, zJaUaUaUaUaUaUaUaUaUaUaUaUaUaUzZzZzZzZzZzZzZzZzZzZzZzZzZzZuZjZjZjZjZjZjZjZjZjZfPfPfPfPfPfPdYdYdYdYdYdYdYdYdYdYdYdYdYdYdYdYaZaZaZaZaZaZaZaZaZaZaZlZmGmGmGmGmGmGjWjWjWjWgXgXgXgXgXgXgXgXgXgXgXgXgXgXzZ
71, sTaOaOaOaOaOaOaOaOaOaOaOsPsPsPaIvZvZvZvZvZvZvZvZvZvZvZmYmYmYmYmYmYmYmYmYmYmYmYmYmYmYrY
72, zZzZzZzZzZzZzZzZnRnRqArMrMrMrMrMrMrMrMrMrMrMkZkZkZkZkZkZkZkZkZkZvZaCaCaCaCaCaCaCaCaCrArArArArArArArArArArArArArArArAaVaVaVaVaVzJ
73, xAxAxAxAxAxAxAnZzZzVzVzVzVzVzVwWwWwWwWwWwWwWwWwWpIpIpIpIpIpIpIpIpIpIpIpIpIpIpIpIzZzZzZzZzZzZzZzZzZzZzZzZuSuSgYgYgYgYgYgYaZaZaZaZaZpQ
74, wAaMaMaMlAlAlAlAlAlAlAoIzAzAzAzAzAzAdOdOdOdOdOdOdOdOrZzZzZzZzZzZzZzZzZzZzZzZzZkAkAkAkAkAkAkAkAkAkAkAkAqAqAqAqAqAqAqAqAqAqAqAqAqAlKlKlKlKlKlKlKlKlKlKlKsJ
75, aAaAaAaAaAaAaAaAaAaAaAaAyPyPyPyPyPmAkWkJfDfDfDfDfDfDfDfDfDcZcZcZcZcZcZcZcZcZnPnPnPkXkXkXkXkXkXkXkXkXkXkXnAnAnAnAnAzA
76, jZaAaAaAaAaAaAaAaAaAaAzZzZzZzZzZzZzZzZzZzZzZzZzZzZzZzZzZzZzZzJzJzJzJzJoBoBoBoBoBrZrZrZrZrZrZrZrZrZrZrZzAzAzAzAzAzAzAzAzAzAzAzAzAzAzAzAzAzAzAzAzAzAzAzAzAvZvZvZvZvZpG
77, vZaAaAaAaAjHzZrTrTrTrTrTrTrTrTrTrTrTrTaZzAzAzAzAzAnZnZnZnZnZnZpZpZpZpZpZsZsZsZsZsZsZsZsZsZsZsZsZsZgZ
78, kZeAeAeAeAaZaZhOhOhOhOhOwRaZzMzMzMjXjXjXjXjXjXjXjXiYiYiYiYiYiYiYiYiYyZ
79, nRnRnRnRnRnRnRnRnRvAkZkZkZkZzZzZzZzZzZuAuAuAuAuAuAuAuAuApVpVzZzZzZzZzZwZwZwZwZwZwZwZwZwZwZwZwZwZwZwZwZwZzR
80, eReReReReReReRbKbKbKbKbKbKbKbKbKbKbKbKbKoIoIoIoIoIoIoIoIoItVtVtVtVgZtItItItItItItItItItIzNzNzNaFaFaFaFaFaFaFrZrZrZrZrZrZhB
81, xRxRxRxRxRgZaNaNaNaNaNaNaNaNyAyAyAqKqKqKqKqKqKqKqKaAaAaAaAaAaAaAaAzQzQzQzQzQzQzQzQzT
82, zIaAaAaAaAkPkPjTjTjTjTjTjTjTjTjTjTjTjTjToAcQzTmXmXmXmXmXmXmXmXmXmXmXaMaMaMaMaMaMaMaMaMaMaMaMaMaMfZfZfZfZfZfZfZfZfZfZfZfZfZfZfZfZfZfZfT
83, tQaObBcDcDcDcDcDaRaRaRaRaRaRaRaRaRaRaRaRlAlAlAlAlAlAlAlAzSzSzSzSzSzSzSzSzSzSkAkAkAkAkAkAkAkAkAkAkAkAkAsZ
84, uEuEuEuEuEuEuEuEuEuEuEuEuEuEuEuEuEuEsPsPsPsPsPsPjZsRsRsRsRsRsRfZfZfZzAzAzAzAzAzAzAaRaRaRaRaRaRaRaRaRaRaRaRaRaRaRzSzSzSzSzSzSzSzSzSzSzSjAjAjAjAjAjAjAjAjAjAjAjAjAjAjAjAjAjAjAjAjAjAjAjAzR
85, pRlSzSzSzDaAhLjAjAzAzAzAzAzAzAzAzAzAzAzAzAzAzApHpHpHpHpHpHpHpHpHpHpHpHpHpHpHpHbMbMbMbMbMbMbMbMpSpSpSpSpSpSpSpSpSpSpSpSpSpSpSpSpSpSpSnQ
86, lUlUlUlUzUqTzYzYzYaTaTaTaTaTaTaTrFrFpZbHbHbHbHbHbHbHbHbHbHbHbHbHbHbHcZcZcZcZcZcZcZcZcZoAoAoAoAoAoAoAoAoAoAoAoArZ
87, cZcZcZcZcZcZcZaZtZzJzJzJzJzJzJzJzJaLaLaLaLzAzAzAzAzAzAzAzAzAzAzAxZxZxZxZxZaKaKaKaKaKaKaKaKaKaKaKaKaKaKaKaKaKbY
88, zZzZzZcAcAkGkGhNhNaOaOaOaOaOaOvAvAvAvAvAvAvAvAvAvAvAvAvAvAvAhVhVhVhVhVhVhVhVhVhVhVaMaMaMaMaMaMaMaMaMaMaMaMaMaMaMaMaMaMaHaHaHaHaHnKnKnKnKnKnKnKnKnKnKnKnKnKnKnKnKzZ
89, uDuDuDuDuDuDuDuDuDuDaAaAaAaAaAaAaAaAaAaAaAaAiZiZiZiZiZiZiZiZiZiZrNrNrNrNhIaHaHaHaHaHaHaHaHaHaHkXzZzZzZzZzZzZzZzZzZzZgAgAgAgAgAgAgAgAgAgAgAgAgAgAgAzYzYzYzYzYzYzYzYzYzYzYzYzYzYzZ
90, zLfRfRfRfRfRfFfFfFfFfFfFfFfFfFfFfFnRtYwZdRdRdRdRdRdRdRdRdRdRzAzAzAvZvZvZvZwLwLwLwLwLwLwLwLwLwLwLzFzFzFzFzFzFzFzFzFzFzFzX
91, zIkAkAkAkAeZeZeZeZeZeZeZeZeZeZeZeZeZeZzZzZzZzZzZzZzZzZzZzZrWrWrWrWrWrWrWrWlZlZlZlZqZqZqZqZqZqZqZqZzKzKzKmZmZmZmZmZmZmZmZmZmZmZmZmZmZmZmZmZmZmZmZmZaZaZaZaZaZaZaZaZaZaZaZaZaZaZaZaZaZaZaZaZaZaZaZaZaZaZaZaZaZaYaYaYaYaYaYaYaYaYaYaYaYaYzZwZwZwZwZwZwZwZwZwZwZwZwZwZ
92, zBzBzBzBzBzBzBzBmAmAmAmAmAhDhDhDhDtDtDtDyAyAyAyAgZjEjEjEjEjEjEjEjEjEjEjEjEjEjEjEjEjEjEjEjEjEjEeXeXeXeXeXeXeXaCaCaCaCaCaCaCaCaCaCaCaCaCkAkAkAkAkAkAkAkAkAkAkAbN
93, rZaAdZzNzNzNxZxZxZxZxZxZxZxZxZxZxZxZxZxZxZxZxZxZaMaMaMzDzDaZaZaZaZaZaZaZzJzJzJzJzJzJzJzJzJzJzJzJzJzJzJzJmZmZmZmZmZmZmZmZmZzX
94, eEeAsUzGzLzLzLzLzLzLzLzLzLzLzLaUaUpPpPpPaZaZaZaZaZaZaZaZaZuAoZoZoZoZlE
95, aCaAzVzVzVzVzVzVzVzVzVzVzVzGzGeHmZmZmZmZmZmZmZmZmZmZgAgAgAgAgAgAgAgAmSmSmSmSmSmSmSmSmSmSmSmSmSmSmSmSmSmSmSmSqS
96, zMfEaXzZzZzZzZzZzZzZzZzZzZzZzZzZzZaJaJaJaJaJaJaJaJaJaJaJgRgRgRgRgRgRgRgRgRgRgRgRgRgRgRgRgRgRgRgZgZgZgZgZgZgZgZgZgZgZgZgZgZkZkZkZkZkZkZkZkZkZkZmI
97, tAtAqMqMqMqMqMqMqMqMqMqMqMqMbRzAzAzAzAzAzAoPoPoPoPoPoPoPoPoPoPzVdAdAdAdAdAdAdAdAdAdAdAdAdApKpKpKpKpKpKpKpKpKpKpKpKpKpKrZrZrZrZrZrZrZrZvCvCzJzJzJzJzJzJzJzJzJzJzZ
98, cZaBaBaSaSaSaStVtVtVtVtVtZtZzZzZzZzZaZaZaZqAqAqAqAqAqAqAqAqAwYwYwYwYwYzAzAzAzAzAzAzAzAzAzAxZxZxZxZxZxZxZxZxZxZxZxZxZxZxZxZoV
99, aZaZaZaZaZaZaZaZaZaZaHaZaZaZaZaZaZaZaZaZaZaZaZrIrIzIzIzIzIzIwAwAwAwAwAwAwAwAwAzIzIzIzIzIzIzIqKqKqKqKqKqKqKqKwAiDiDiDiDiDiDiDiDiDiDiDiDiDqRqRqRqRqRqRqRqRqRqRqRqRqRqRqRqRqRqRqRqRzZ
